{
  "hr_fb_rate": 3.156808614730835,
  "iso": 2.252214193344116,
  "fb_pct": 1.438934564590454,
  "xslg_w3yr": 0.27366167306900024,
  "exit_velo_w3yr": 0.2595161199569702,
  "cent_pct": 0.23097331821918488,
  "xhr_delta": 0.17895714938640594,
  "pull_pct": 0.15371635556221008,
  "wrc_plus": 0.13489919900894165,
  "batter_park_factor": 0.12611323595046997,
  "barrel_pct_w3yr": 0.11989010870456696,
  "oppo_pct": 0.10980957746505737,
  "launch_angle_w3yr": 0.09748801589012146,
  "xwoba_w3yr": 0.09537441283464432,
  "hard_hit_pct_w3yr": 0.04352942854166031,
  "park_hr_factor": 0.04325369745492935,
  "platoon_adj": 0.0,
  "pitcher_hr9": 0.0,
  "pitcher_hr_fb": 0.0,
  "pitcher_fip": 0.0,
  "pitcher_gb_pct": 0.0,
  "pitcher_barrel_pct": 0.0,
  "pitcher_hard_hit_pct": 0.0,
  "temp_f": 0.0,
  "temp_adjustment": 0.0,
  "wind_speed_mph": 0.0,
  "wind_direction_enc": 0.0,
  "is_day_game": 0.0
}