{
  "hr_rate": 2.2536678314208984,
  "wrc_plus": 0.9703613519668579,
  "iso": 0.7205225229263306,
  "hr_fb_rate": 0.545211911201477,
  "fb_pct": 0.30849894881248474,
  "pull_pct": 0.22447577118873596,
  "park_hr_factor": 0.144131600856781,
  "launch_angle_w3yr": 0.13684648275375366,
  "xwoba_w3yr": 0.11781621724367142,
  "hard_hit_pct_w3yr": 0.1134842112660408,
  "barrel_pct_w3yr": 0.10160600394010544,
  "xslg_w3yr": 0.0987323522567749,
  "exit_velo_w3yr": 0.06308561563491821,
  "pitcher_hr9": 0.0,
  "pitcher_hr_fb": 0.0,
  "pitcher_fip": 0.0,
  "pitcher_gb_pct": 0.0,
  "pitcher_barrel_pct": 0.0,
  "pitcher_hard_hit_pct": 0.0,
  "temp_f": 0.0,
  "temp_adjustment": 0.0,
  "wind_speed_mph": 0.0,
  "wind_direction_enc": 0.0,
  "is_day_game": 0.0
}