{
  "hr_fb_rate": 3.1627495288848877,
  "iso": 2.266738176345825,
  "fb_pct": 1.4070048332214355,
  "xslg_w3yr": 0.2872639298439026,
  "cent_pct": 0.1952347755432129,
  "exit_velo_w3yr": 0.18745239078998566,
  "pull_pct": 0.16082307696342468,
  "batter_park_factor": 0.13966451585292816,
  "wrc_plus": 0.13717442750930786,
  "oppo_pct": 0.12929099798202515,
  "barrel_pct_w3yr": 0.11772827059030533,
  "xhr_delta": 0.11009526997804642,
  "xwoba_w3yr": 0.0759456679224968,
  "launch_angle_w3yr": 0.07134532183408737,
  "park_hr_factor": 0.045008666813373566,
  "hard_hit_pct_w3yr": 0.034337110817432404,
  "platoon_adj": 0.0,
  "pitcher_hr9": 0.0,
  "pitcher_hr_fb": 0.0,
  "pitcher_fip": 0.0,
  "pitcher_gb_pct": 0.0,
  "pitcher_barrel_pct": 0.0,
  "pitcher_hard_hit_pct": 0.0,
  "temp_f": 0.0,
  "temp_adjustment": 0.0,
  "wind_speed_mph": 0.0,
  "wind_direction_enc": 0.0,
  "is_day_game": 0.0
}